Index,Song Name,Artist,BPM,Key,Genre
1,World Hold On (Radio),Bob Sinclar ft Steve Edwards,126.95947265625,Ab minor,Other
2,Point Of View (Radio Edit),DB Boulevard,129.09390258789062,C# major,Electronica & Dance
3,Little Scare                  ,Benjamin Diamond              ,129.805908203125,C# major,House
4,Hunnybee,Unknown Mortal Orchestra,119.95845794677734,C# major,Indie Rock
5,Back For More,Breakbot,114.96336364746094,C# minor,Electronic
6,Dance Yrself Clean,LCD Soundsystem,97.99561309814453,C# minor,Dance/Electronic
7,''EPLE'',Royksopp,108.59725952148438,C# major,House
8,Chillin',Modjo,125.01191711425781,Bb minor,Alternative Rock/Trance/Vocal/UK Garage/House/Downtempo
9,03 Breathe - Telepopmusik,Tom Middleton,125.98785400390625,F# minor,Other
10,Revolution 909,Daft Punk,126.4563980102539,B minor,Electronic
11,Go,The Chemical Brothers,120.02436828613281,D minor,Unknown
12,Feeling For You,Cassius,134.85470581054688,F# minor,'90s House Hits/Classics
13,Short Circuit,Daft Punk,146.28321838378906,Ab minor,Electrónica
14,Mind Mischief,Tame Impala,162.66062927246094,F# major,Psychedelic Rock
15,Breathe,Telepopmusik,113.03142547607422,F minor,Lo fi
16,Wrong (Todd Terry remix),Everything but the Girl,123.13294219970703,Eb minor,Trip-Hop
17,Oh Sheit it's X,Thundercat,123.01561737060547,E major,Electronic
18,Magic Spells,Crystal Castles,104.98182678222656,C# minor,Other
19,"Black Eyed Peas, Shakira, twocolors - GIRL LIKE ME (twocolors extended - Official Audio)",Unknown,123.99714660644531,A minor,Unknown
20,"Travis Scott, HVME - Goosebumps (Remix - Official Audio)",Unknown,124.00692749023438,Ab minor,Unknown
21,Dua Lipa - Levitating feat. DaBaby (Don Diablo Remix) [Official Audio],Unknown,119.82213592529297,B minor,Unknown
22,Dua Lipa - We’re Good (Dillon Francis Remix) [Official Audio],Unknown,124.93208312988281,Eb minor,Unknown
23,"Doja Cat, The Weeknd - You Right (Terry Kingsley Remix)",Unknown,128.00250244140625,C minor,Unknown
24,"Doja Cat, SZA - Kiss Me More (Daju Remix)",Unknown,115.91131591796875,F# minor,Unknown
25,Glass Animals - Heat Waves (Riton Remix),Unknown,110.02191925048828,B major,Unknown
26,SAINt JHN - Roses (Imanbek Remix) (Official Music Video),Unknown,122.0160903930664,F minor,Unknown
27,Riton x Nightcrawlers - Friday ft. Mufasa & Hypeman (Dopamine Re-edit) [Official Video],Unknown,122.91832733154297,B minor,Unknown
28,High Horse (Kue Remix),Unknown,123.00837707519531,B minor,Unknown
29,Ed Sheeran - Bad Habits [Official Lyric Video],Unknown,125.93702697753906,B minor,Unknown
30,Africa,Toto,92.56652069091797,E major,Other
31,Excursions,A Tribe Called Quest,95.66764831542969,E minor,"Hip-Hop, Jazz Rap"
32,Pony,Ginuwine,71.01811981201172,C# minor,R&B
33,Both (Feat. Drake),Gucci Mane,139.97921752929688,G minor,Hip-Hop
34,Roy Woods - Get You Good,Unknown,86.16466522216797,C minor,Unknown
35,D.D. (Album Version),The Weeknd,120.03374481201172,G minor,R&B
36,The Birds Pt. 1 (Album Version),The Weeknd,128.0577850341797,C minor,R&B
37,Say My Name,Destiny's Child,138.02662658691406,C minor,Pop
38,"Usher, Summer Walker, 21 Savage - Good Good (Official Visualizer)",Unknown,141.04234313964844,Bb major,Unknown
39,Work Out,J. Cole,92.9799575805664,C major,Pop Rock
40,The Hills,The Weeknd,112.61862182617188,F minor,Pop
41,Passionfruit,Drake,111.9953384399414,B major,Hip-Hop/Rap
42,The Color Violet,Tory Lanez,104.88456726074219,B minor,Rhythm & Blues
43,The Motto (feat. Lil Wayne),Drake/Lil Wayne,101.54440307617188,F# minor,Rap/Hip Hop
44,09 - '87 Stingray.flac,Unknown,129.1289825439453,Bb minor,Unknown
45,"Hold On, We're Going Home (Album Version) (feat. Majid Jordan)",Drake,99.86736297607422,B minor,Rap/Hip Hop
46,Often,The Weeknd,135.06686401367188,C minor,Soul
47,Change The Beat - Besides Bside,Unknown,97.74983215332031,D minor,Unknown
48,equilibrium,Darius & Wayne Snow,117.97865295410156,Ab minor,Disco
49,Controller,Channel Tres,117.93929290771484,F minor,"Funky, Club, House"
50,Dj Got Us Fallin' In Love,Usher & Pitbull,119.96463775634766,G minor,Top 40
51,Wild Ones (feat. Sia),Flo Rida,127.80079650878906,Ab major,Dance
52,033. Rihanna - Don't Stop The Music.mp3,Unknown,122.7159652709961,F# minor,"Pop, Rock, Other"
53,s&m,Rihanna,128.06597900390625,Ab minor,Diverse
54,On My Mind (Extended),Diplo & Sidepiece,122.97557830810547,G minor,Club
55,Pound The Alarm,Nicki Minaj,124.00920867919922,C# minor,R&B
56,Good Feeling,Flo Rida,128.02120971679688,E major,Dance
57,Sweetest Pie (Intro - Dirty),Megan Thee Stallion & Dua Lipa,123.96401977539062,B minor,Pop
58,Replay,Iyaz,90.8607406616211,A major,"Pop, Rock, R&B, Hip-Hop, Rap, Dance"
59,I Know You Want Me (Calle Ocho),Pitbull,126.96617126464844,D minor,Hip-Hop
60,"077. Fergie, Ludacris - Glamorous.mp3",Unknown,131.05853271484375,C major,"Pop, Rock, Other"
61,Stay the Night,Zedd,128.0490264892578,Ab major,Electro House
62,Wasted,Tiesto feat. Matthew Koma,111.91063690185547,D major,House
63,Sweet Nothing,Calvin Harris feat. Florence Welch,128.33961486816406,Ab minor,House
64,Take Over Control (Drumsound & Bassline Smith Remix),Afrojack Feat. Eva Simons,87.82660675048828,C minor,Dance
65,"005. Shakira, Wyclef Jean - Hips Don't Lie (feat. Wyclef Jean).mp3",Unknown,99.89241027832031,Bb minor,"Pop, Rock, Other"
66,Bodak Yellow,Cardi B,124.9599380493164,E minor,"Pop, Hip-Hop, Dance"
67,Whistle,Flo Rida,103.88308715820312,C major,Dance
68,Right Now,Rihanna & David Guetta,129.97677612304688,Eb minor,Verzamel
69,The most heard audio of the 21st century.wav,Unknown,106.40103912353516,C minor,Unknown
70,We Are One (Ole Ola) [ft. Jennifer Lopez & Claudia Leitte],Pitbull,125.02456665039062,B minor,Hip-Hop
71,Where Them Girls At (Nicki Romero Remix);Where Them Girls At (Nicki Romero Remix),David Guetta feat. Flo Rida & Nicki Minaj;David Guetta feat. Flo Rida & Nicki Minaj,128.59918212890625,Eb major,Electronic;Electronic
72,Promiscuous (feat. Timbaland,Nelly Furtado,114.29475402832031,Bb minor,Pop
73,Payday,Doja Cat (ft. Young Thug),166.45062255859375,F# major,Pop Rap
74,You Know You Like It,AlunaGeorge,90.01920318603516,C minor,Dubstep / Grime / Funky
75,P Power (feat. Drake),"Gunna, Drake",119.1983871459961,Bb minor,Rap/Hip Hop
76,Thot Shit,Megan Thee Stallion,129.98985290527344,E minor,Rap/Hip Hop
77,CHANCES,Kaytranada,105.94661712646484,F minor,New R&B
78,Just Dance,Lady Gaga Feat. Colby O'Donis,118.34850311279297,E major,Electronic
